{"cameraMode":{"drawMode":0,"name":"Shaded","section":"Shading Mode"},"sceneLighting":false,"audioPlay":false,"sceneViewState":{"showFog":true,"showMaterialUpdate":false,"showSkybox":false,"showFlares":true,"showImageEffects":true,"showParticleSystems":true},"in2DMode":false,"pivot":{"x":0.9121618270874023,"y":1.6028050184249879,"z":-6.79449987411499},"rotation":{"x":0.7114275097846985,"y":-0.08863893896341324,"z":0.09118325263261795,"w":0.6912059783935547},"size":10.719862937927246,"orthographic":false}