{"cameraMode":{"drawMode":0,"name":"Shaded","section":"Shading Mode"},"sceneLighting":true,"audioPlay":false,"sceneViewState":{"showFog":true,"showMaterialUpdate":false,"showSkybox":true,"showFlares":true,"showImageEffects":true,"showParticleSystems":true},"in2DMode":false,"pivot":{"x":7.945597171783447,"y":12.926981925964356,"z":6.265392780303955},"rotation":{"x":0.5765284299850464,"y":0.040451519191265109,"z":-0.02848554216325283,"w":0.815625786781311},"size":72.71845245361328,"orthographic":false}