{"cameraMode":{"drawMode":0,"name":"Shaded","section":"Shading Mode"},"sceneLighting":false,"audioPlay":false,"sceneViewState":{"showFog":true,"showMaterialUpdate":false,"showSkybox":false,"showFlares":true,"showImageEffects":true,"showParticleSystems":true},"in2DMode":false,"pivot":{"x":0.30873730778694155,"y":0.7075846791267395,"z":-5.411564826965332},"rotation":{"x":0.05170682817697525,"y":-0.8620176911354065,"z":0.4962032735347748,"w":0.0897815078496933},"size":20.25876235961914,"orthographic":false}